firstName,lastName,email,jobTitle,companyName,countryCode
John,Doe,john.doe1@example.com,Software Engineer,TechCorp,US
Jane,Smith,jane.smith2@example.com,Marketing Manager,MarketInc,CA
Michael,Johnson,michael.johnson3@example.com,Data Analyst,DataWorks,GB
Emily,Davis,emily.davis4@example.com,Product Designer,DesignHub,DE
Emiliano,Carreras,emilano+fail@example.com,Product Designer,DesignHub,DE
David,Brown,david.brown5@example.com,Sales Representative,SalesPro,FR
Sarah,Wilson,sarah.wilson6@example.com,HR Specialist,PeopleFirst,IT
James,Miller,james.miller7@example.com,Project Manager,BuildIt,ES
Olivia,Garcia,olivia.garcia8@example.com,Content Writer,WriteNow,AU
William,Martinez,william.martinez9@example.com,DevOps Engineer,CloudOps,JP
Sophia,Rodriguez,sophia.rodriguez10@example.com,UX Researcher,UserFocus,KR
Alexander,Lopez,alexander.lopez11@example.com,Financial Analyst,FinancePlus,IN
Isabella,Gonzalez,isabella.gonzalez12@example.com,Operations Manager,OpExcellence,BR
Ethan,Wilson,ethan.wilson13@example.com,Graphic Designer,ArtStudio,MX
Ava,Anderson,ava.anderson14@example.com,Business Analyst,BizInsights,AR
Mason,Thomas,mason.thomas15@example.com,Software Tester,QualityAssure,CL
Charlotte,Jackson,charlotte.jackson16@example.com,Event Planner,EventMasters,ZA
Liam,White,liam.white17@example.com,Customer Support,HelpDesk,EG
Amelia,Harris,amelia.harris18@example.com,Legal Advisor,LawFirm,NG
Benjamin,Clark,benjamin.clark19@example.com,Network Administrator,NetSecure,KE
Mia,Lewis,mia.lewis20@example.com,Social Media Specialist,SocialBuzz,GH
Lucas,Robinson,lucas.robinson21@example.com,Electrical Engineer,ElectroTech,TN
Harper,Walker,harper.walker22@example.com,Supply Chain Analyst,SupplyChain,MA
Elijah,Perez,elijah.perez23@example.com,Data Scientist,DataMine,TR
Evelyn,Hall,evelyn.hall24@example.com,Public Relations,PRPro,GR
Jack,Young,jack.young25@example.com,Mechanical Engineer,MechWorks,PT
Abigail,Allen,abigail.allen26@example.com,Teacher,EduCare,HU
Aiden,Sanchez,aiden.sanchez27@example.com,Chef,CulinaryArts,CZ
Ella,Wright,ella.wright28@example.com,Pharmacist,HealthPharm,AT
Logan,King,logan.king29@example.com,Architect,BuildDesign,CH
Grace,Scott,grace.scott30@example.com,Veterinarian,PetCare,NO
Jackson,Green,jackson.green31@example.com,Journalist,NewsMedia,SE
Victoria,Baker,victoria.baker32@example.com,Real Estate Agent,PropertyPlus,DK
Aiden,Gonzalez,aiden.gonzalez33@example.com,Photographer,PhotoArt,FI
Sofia,Nelson,sofia.nelson34@example.com,Nurse,HealthCare,PL
Carter,Carter,carter.carter35@example.com,Police Officer,LawEnforce,NL
Madison,Mitchell,madison.mitchell36@example.com,Actor,StageWorks,BE
Jayden,Perez,jayden.perez37@example.com,Musician,MusicStudio,IE
Penelope,Roberts,penelope.roberts38@example.com,Scientist,ResearchLab,SG
Grayson,Turner,grayson.turner39@example.com,Pilot,AeroFlight,MY
Riley,Phillips,riley.phillips40@example.com,Firefighter,FireDept,TH
Leah,Campbell,leah.campbell41@example.com,Dentist,DentalCare,ID
Owen,Parker,owen.parker42@example.com,Farmer,AgriFarm,PH
Stella,Evans,stella.evans43@example.com,Translator,LangServices,VN
Dylan,Edwards,dylan.edwards44@example.com,Programmer,CodeMasters,HK
Hannah,Collins,hannah.collins45@example.com,Psychologist,MindCare,CN
Luke,Stewart,luke.stewart46@example.com,Mechanic,AutoRepair,RU
Savannah,Sanchez,savannah.sanchez47@example.com,Artist,ArtGallery,UA
Cameron,Morris,cameron.morris48@example.com,Teacher,EduWorld,KZ
Nora,Rogers,nora.rogers49@example.com,Chef,CulinaryDelight,GE
Lincoln,Reed,lincoln.reed50@example.com,Engineer,TechInnovate,RO
Zoey,Cook,zoey.cook51@example.com,Designer,FashionHub,BG
Hunter,Morgan,hunter.morgan52@example.com,Doctor,MedCenter,HR
Audrey,Bell,audrey.bell53@example.com,Writer,BookWorld,SK
Eli,Bailey,eli.bailey54@example.com,Scientist,LabResearch,AL
Lillian,Murphy,lillian.murphy55@example.com,Nurse,CareUnit,ME
Mateo,Rivera,mateo.rivera56@example.com,Programmer,DevTeam,BA
Allison,Cooper,allison.cooper57@example.com,Manager,BizManage,MT
Jackson,Russell,jackson.russell58@example.com,Analyst,DataPro,CY
Aubrey,Griffin,aubrey.griffin59@example.com,Consultant,ExpertAdvice,LU
Wyatt,Diaz,wyatt.diaz60@example.com,Developer,AppBuild,LI
Brooklyn,Hayes,brooklyn.hayes61@example.com,Specialist,TechSupport,MC
Leo,Foster,leo.foster62@example.com,Advisor,FinanceGuide,SM
Hannah,Simmons,hannah.simmons63@example.com,Coordinator,EventPlan,AD
Julian,Gomez,julian.gomez64@example.com,Technician,ITSupport,IS
Natalie,Fisher,natalie.fisher65@example.com,Assistant,AdminHelp,GI
Jack,Perry,jack.perry66@example.com,Operator,MachineOps,CW
Violet,Jenkins,violet.jenkins67@example.com,Researcher,StudyLab,SX
Asher,Graham,asher.graham68@example.com,Trainer,FitnessCoach,AW
Ruby,Sullivan,ruby.sullivan69@example.com,Editor,MediaEdit,BL
Theodore,Barnes,theodore.barnes70@example.com,Driver,Logistics,MF
Faith,Cruz,faith.cruz71@example.com,Planner,UrbanDesign,PM
Jameson,Sanders,jameson.sanders72@example.com,Inspector,QualityCheck,WF
Madelyn,Price,madelyn.price73@example.com,Specialist,HealthExpert,NC
Greyson,Bennett,greyson.bennett74@example.com,Engineer,CivilWorks,PF
Elena,Wood,elena.wood75@example.com,Teacher,SchoolEdu,AS
Luca,James,luca.james76@example.com,Designer,GraphicArt,GU
Aurora,Berry,aurora.berry77@example.com,Writer,StoryTeller,MP
Axel,Kelly,axel.kelly78@example.com,Scientist,BioResearch,PR
Sadie,Rice,sadie.rice79@example.com,Nurse,PatientCare,VI
Kai,Brooks,kai.brooks80@example.com,Programmer,CodeCraft,MH
Everly,Gray,everly.gray81@example.com,Manager,TeamLead,FM
Ryder,Myers,ryder.myers82@example.com,Analyst,MarketWatch,PW
Emilia,Mack,emilia.mack83@example.com,Consultant,StrategyPro,KI
Rowan,Johnston,rowan.johnston84@example.com,Developer,SoftBuild,NR
Isla,Mendoza,isla.mendoza85@example.com,Specialist,TechExpert,TV
Atlas,Ross,atlas.ross86@example.com,Advisor,LegalAid,NU
Nova,Long,nova.long87@example.com,Coordinator,ProjectCoord,CK
Kai,Patel,kai.patel88@example.com,Trainer,EduCoach,WS
Valentina,Fletcher,valentina.fletcher89@example.com,Editor,ContentEdit,TO
Jasper,Watts,jasper.watts90@example.com,Technician,ElectroFix,SB
Willow,Barker,willow.barker91@example.com,Assistant,OfficeAdmin,VU
Felix,Sharp,felix.sharp92@example.com,Operator,FactoryOps,FJ
Remi,Young,remi.young93@example.com,Researcher,InnovateLab,TK
Athena,Holmes,athena.holmes94@example.com,Planner,EventOrg,NF
Silas,Pearson,silas.pearson95@example.com,Inspector,SafetyCheck,HM
Mackenzie,Lawson,mackenzie.lawson96@example.com,Specialist,HealthPro,GS
Ronan,Franklin,ronan.franklin97@example.com,Engineer,MechDesign,IO
Alice,Stone,alice.stone98@example.com,Teacher,Classroom,CC
Finn,Andrews,finn.andrews99@example.com,Designer,ArtCreate,CX
Ivy,Ray,ivy.ray100@example.com,Writer,NovelCraft,SH
Theodore,Knight,theodore.knight101@example.com,Scientist,DiscoveryLab,US
Hazel,Spencer,hazel.spencer102@example.com,Nurse,Caregiver,CA
Beau,Fox,beau.fox103@example.com,Programmer,AppDev,GB
Luna,Marshall,luna.marshall104@example.com,Manager,DeptHead,DE
Ryder,Rose,ryder.rose105@example.com,Analyst,TrendWatch,FR
Emilia,Chapman,emilia.chapman106@example.com,Consultant,BizAdvisor,IT
Rowan,Warren,rowan.warren107@example.com,Developer,WebBuild,ES
Isla,Hunt,isla.hunt108@example.com,Specialist,ExpertField,AU
Atlas,Robertson,atlas.robertson109@example.com,Advisor,CareerGuide,JP
Nova,Morgan,nova.morgan110@example.com,Coordinator,TaskCoord,KR
Kai,Cooper,kai.cooper111@example.com,Trainer,SkillBuild,IN
Valentina,Hudson,valentina.hudson112@example.com,Editor,TextPolish,BR
Jasper,Butler,jasper.butler113@example.com,Technician,FixIt,MX
Willow,Palmer,willow.palmer114@example.com,Assistant,HelpDesk,AR
Felix,Mills,felix.mills115@example.com,Operator,MachOp,CL
Remi,Dean,remi.dean116@example.com,Researcher,StudyGroup,ZA
Athena,Tucker,athena.tucker117@example.com,Planner,StratPlan,EG
Silas,Cole,silas.cole118@example.com,Inspector,QualityCtrl,NG
Mackenzie,Summers,mackenzie.summers119@example.com,Specialist,FieldExpert,KE
Ronan,Porter,ronan.porter120@example.com,Engineer,BuildEng,GH
Alice,Blake,alice.blake121@example.com,Teacher,EduGuide,TN
Finn,Murray,finn.murray122@example.com,Designer,VisualArt,MA
Ivy,Reid,ivy.reid123@example.com,Writer,StoryWeaver,TR
Theodore,Hunter,theodore.hunter124@example.com,Scientist,LabWork,GR
Hazel,Thomson,hazel.thomson125@example.com,Nurse,HealthAid,PT
Beau,Elliott,beau.elliott126@example.com,Programmer,CodeMaster,HU
Luna,Dixon,luna.dixon127@example.com,Manager,TeamMgr,CZ
Ryder,Harrison,ryder.harrison128@example.com,Analyst,DataInsight,AT
Emilia,Ford,emilia.ford129@example.com,Consultant,ProAdvice,CH
Rowan,Shaw,rowan.shaw130@example.com,Developer,AppCreator,NO
Isla,Holmes,isla.holmes131@example.com,Specialist,TechGuru,SE
Atlas,Wells,atlas.wells132@example.com,Advisor,Mentor,DK
Nova,Barrett,nova.barrett133@example.com,Coordinator,OrgCoord,FI
Kai,Gibson,kai.gibson134@example.com,Trainer,EduPro,PL
Valentina,Evans,valentina.evans135@example.com,Editor,ContentFix,NL
Jasper,Montgomery,jasper.montgomery136@example.com,Technician,RepairPro,BE
Willow,Richards,willow.richards137@example.com,Assistant,SupportAid,IE
Felix,Bishop,felix.bishop138@example.com,Operator,EquipOp,SG
Remi,West,remi.west139@example.com,Researcher,Innovate,MY
Athena,Carroll,athena.carroll140@example.com,Planner,EventPlan,TH
Silas,Douglas,silas.douglas141@example.com,Inspector,SafetyPro,ID
Mackenzie,Owen,mackenzie.owen142@example.com,Specialist,HealthSpec,PH
Ronan,Black,ronan.black143@example.com,Engineer,CivilEng,VN
Alice,McDonald,alice.mcdonald144@example.com,Teacher,ClassTeach,HK
Finn,Wallace,finn.wallace145@example.com,Designer,ArtDesign,CN
Ivy,Stevens,ivy.stevens146@example.com,Writer,BookAuthor,RU
Theodore,May,theodore.may147@example.com,Scientist,Researcher,UA
Hazel,Oliver,hazel.oliver148@example.com,Nurse,CarePro,KZ
Beau,Thompson,beau.thompson149@example.com,Programmer,DevExpert,GE
Luna,Harris,luna.harris150@example.com,Manager,DeptMgr,RO
Ryder,Martin,ryder.martin151@example.com,Analyst,MarketAnal,BG
Emilia,Jackson,emilia.jackson152@example.com,Consultant,BizCons,HR
Rowan,Clarke,rowan.clarke153@example.com,Developer,SoftEng,SK
Isla,Turner,isla.turner154@example.com,Specialist,TechSpec,AL
Atlas,Phillips,atlas.phillips155@example.com,Advisor,CareerAdv,ME
Nova,Campbell,nova.campbell156@example.com,Coordinator,TaskMgr,BA
Kai,Parker,kai.parker157@example.com,Trainer,SkillCoach,MT
Valentina,Edwards,valentina.edwards158@example.com,Editor,TextEdit,CY
Jasper,Collins,jasper.collins159@example.com,Technician,FixTech,LU
Willow,Stewart,willow.stewart160@example.com,Assistant,AdminHelp,LI
Felix,Sanchez,felix.sanchez161@example.com,Operator,MachOper,MC
Remi,Morris,remi.morris162@example.com,Researcher,StudyRes,SM
Athena,Rogers,athena.rogers163@example.com,Planner,StratPlan,AD
Silas,Reed,silas.reed164@example.com,Inspector,QualityIns,IS
Mackenzie,Cook,mackenzie.cook165@example.com,Specialist,FieldSpec,GI
Ronan,Morgan,ronan.morgan166@example.com,Engineer,MechEng,CW
Alice,Bell,alice.bell167@example.com,Teacher,EduTeach,SX
Finn,Murphy,finn.murphy168@example.com,Designer,GraphicDes,AW
Ivy,Bailey,ivy.bailey169@example.com,Writer,StoryWrite,BL
Theodore,Rivera,theodore.rivera170@example.com,Scientist,BioSci,MF
Hazel,Cooper,hazel.cooper171@example.com,Nurse,HealthNur,PM
Beau,Richardson,beau.richardson172@example.com,Programmer,CodePro,WF
Luna,Cox,luna.cox173@example.com,Manager,TeamMan,NC
Ryder,Howard,ryder.howard174@example.com,Analyst,DataAnal,PF
Emilia,Ward,emilia.ward175@example.com,Consultant,ProCons,AS
Rowan,Torres,rowan.torres176@example.com,Developer,AppDev,GU
Isla,Peterson,isla.peterson177@example.com,Specialist,TechExp,MP
Atlas,Gray,atlas.gray178@example.com,Advisor,MentAdv,PR
Nova,Ramirez,nova.ramirez179@example.com,Coordinator,OrgMgr,VI
Kai,James,kai.james180@example.com,Trainer,EduTrain,MH
Valentina,Watson,valentina.watson181@example.com,Editor,ContEdit,FM
Jasper,Brooks,jasper.brooks182@example.com,Technician,RepTech,PW
Willow,Kelly,willow.kelly183@example.com,Assistant,SupAid,KI
Felix,Sanders,felix.sanders184@example.com,Operator,OpMach,NR
Remi,Price,remi.price185@example.com,Researcher,ResStudy,TV
Athena,Bennett,athena.bennett186@example.com,Planner,PlanEvent,NU
Silas,Wood,silas.wood187@example.com,Inspector,InsQual,CK
Mackenzie,Barnes,mackenzie.barnes188@example.com,Specialist,SpecHealth,WS
Ronan,Ross,ronan.ross189@example.com,Engineer,EngBuild,TO
Alice,Henderson,alice.henderson190@example.com,Teacher,TeachEdu,SB
Finn,Coleman,finn.coleman191@example.com,Designer,DesArt,VU
Ivy,Jenkins,ivy.jenkins192@example.com,Writer,WriteStory,FJ
Theodore,Perry,theodore.perry193@example.com,Scientist,SciRes,TK
Hazel,Powell,hazel.powell194@example.com,Nurse,NurCare,NF
Beau,Long,beau.long195@example.com,Programmer,ProCode,HM
Luna,Patterson,luna.patterson196@example.com,Manager,MgrTeam,GS
Ryder,Hughes,ryder.hughes197@example.com,Analyst,AnalData,IO
Emilia,Flores,emilia.flores198@example.com,Consultant,ConsBiz,CC
Rowan,Washington,rowan.washington199@example.com,Developer,DevApp,CX
Isla,Butler,isla.butler200@example.com,Specialist,ExpTech,SH
Atlas,Simmons,atlas.simmons201@example.com,Advisor,AdvCareer,US
Nova,Foster,nova.foster202@example.com,Coordinator,MgrTask,CA
Kai,Gonzales,kai.gonzales203@example.com,Trainer,TrainEdu,GB
Valentina,Bryant,valentina.bryant204@example.com,Editor,EditCont,DE
Jasper,Alexander,jasper.alexander205@example.com,Technician,TechRep,FR
Willow,Russell,willow.russell206@example.com,Assistant,AidSup,IT
Felix,Griffin,felix.griffin207@example.com,Operator,MachOp,ES
Remi,Diaz,remi.diaz208@example.com,Researcher,StudyRes,AU
Athena,Hayes,athena.hayes209@example.com,Planner,EventPlan,JP
Silas,Myers,silas.myers210@example.com,Inspector,QualIns,KR
Mackenzie,Ford,mackenzie.ford211@example.com,Specialist,HealthSpec,IN
Ronan,Hamilton,ronan.hamilton212@example.com,Engineer,BuildEng,BR
Alice,Graham,alice.graham213@example.com,Teacher,EduTeach,MX
Finn,Sullivan,finn.sullivan214@example.com,Designer,ArtDes,AR
Ivy,Wallace,ivy.wallace215@example.com,Writer,StoryWri,CL
Theodore,Woods,theodore.woods216@example.com,Scientist,ResSci,ZA
Hazel,Cole,hazel.cole217@example.com,Nurse,CareNur,EG
Beau,West,beau.west218@example.com,Programmer,CodePro,NG
Luna,Jordan,luna.jordan219@example.com,Manager,TeamMgr,KE
Ryder,Owens,ryder.owens220@example.com,Analyst,DataAnal,GH
Emilia,Reynolds,emilia.reynolds221@example.com,Consultant,BizCons,TN
Rowan,Fisher,rowan.fisher222@example.com,Developer,AppDev,MA
Isla,Ellis,isla.ellis223@example.com,Specialist,TechSpec,TR
Atlas,Harrison,atlas.harrison224@example.com,Advisor,CareerAdv,GR
Nova,Gibson,nova.gibson225@example.com,Coordinator,TaskMgr,PT
Kai,Mcdonald,kai.mcdonald226@example.com,Trainer,SkillTrain,HU
Valentina,Cruz,valentina.cruz227@example.com,Editor,TextEdit,CZ
Jasper,Marshall,jasper.marshall228@example.com,Technician,FixTech,AT
Willow,Ortiz,willow.ortiz229@example.com,Assistant,HelpAid,CH
Felix,Gomez,felix.gomez230@example.com,Operator,EquipOp,NO
Remi,Murray,remi.murray231@example.com,Researcher,InnovRes,SE
Athena,Freeman,athena.freeman232@example.com,Planner,StratPlan,DK
Silas,Wells,silas.wells233@example.com,Inspector,SafeIns,FI
Mackenzie,Webb,mackenzie.webb234@example.com,Specialist,FieldExp,PL
Ronan,Simpson,ronan.simpson235@example.com,Engineer,CivEng,NL
Alice,Stevens,alice.stevens236@example.com,Teacher,ClassEdu,BE
Finn,Tucker,finn.tucker237@example.com,Designer,VisArt,IE
Ivy,Porter,ivy.porter238@example.com,Writer,BookAuth,SG
Theodore,Hunter,theodore.hunter239@example.com,Scientist,BioLab,MY
Hazel,Hughes,hazel.hughes240@example.com,Nurse,PatCare,TH
Beau,Ford,beau.ford241@example.com,Programmer,DevCode,ID
Luna,Marshall,luna.marshall242@example.com,Manager,DeptMan,PH
Ryder,Simmons,ryder.simmons243@example.com,Analyst,TrendAnal,VN
Emilia,Palmer,emilia.palmer244@example.com,Consultant,StratCons,HK
Rowan,Mills,rowan.mills245@example.com,Developer,WebDev,CN
Isla,Grant,isla.grant246@example.com,Specialist,TechGur,RU
Atlas,Cunningham,atlas.cunningham247@example.com,Advisor,MentGuide,UA
Nova,Hunter,nova.hunter248@example.com,Coordinator,OrgMgr,KZ
Kai,Watts,kai.watts249@example.com,Trainer,EduCoach,GE
Valentina,Harvey,valentina.harvey250@example.com,Editor,ContPol,RO
Jasper,Robertson,jasper.robertson251@example.com,Technician,RepFix,BG
Willow,Black,willow.black252@example.com,Assistant,SupHelp,HR
Felix,White,felix.white253@example.com,Operator,MachOper,SK
Remi,Rose,remi.rose254@example.com,Researcher,LabStudy,AL
Athena,Stone,athena.stone255@example.com,Planner,EventOrg,ME
Silas,Burton,silas.burton256@example.com,Inspector,QualCheck,BA
Mackenzie,Henry,mackenzie.henry257@example.com,Specialist,HealthExp,MT
Ronan,Hudson,ronan.hudson258@example.com,Engineer,MechBuild,CY
Alice,Berry,alice.berry259@example.com,Teacher,EduClass,LU
Finn,Perez,finn.perez260@example.com,Designer,ArtVis,LI
Ivy,Henderson,ivy.henderson261@example.com,Writer,AuthBook,MC
Theodore,Coleman,theodore.coleman262@example.com,Scientist,ResBio,SM
Hazel,Peters,hazel.peters263@example.com,Nurse,CareHealth,AD
Beau,Rogers,beau.rogers264@example.com,Programmer,CodeDev,IS
Luna,Cook,luna.cook265@example.com,Manager,TeamLead,GI
Ryder,Morgan,ryder.morgan266@example.com,Analyst,DataIns,CW
Emilia,Bell,emilia.bell267@example.com,Consultant,BizAdv,SX
Rowan,Murphy,rowan.murphy268@example.com,Developer,AppBuild,AW
Isla,Bailey,isla.bailey269@example.com,Specialist,ExpTech,BL
Atlas,Rivera,atlas.rivera270@example.com,Advisor,CareerMent,MF
Nova,Cooper,nova.cooper271@example.com,Coordinator,TaskOrg,PM
Kai,Richardson,kai.richardson272@example.com,Trainer,SkillEdu,WF
Valentina,Cox,valentina.cox273@example.com,Editor,EditText,NC
Jasper,Howard,jasper.howard274@example.com,Technician,TechFix,PF
Willow,Ward,willow.ward275@example.com,Assistant,AidHelp,AS
Felix,Torres,felix.torres276@example.com,Operator,OpEquip,GU
Remi,Peterson,remi.peterson277@example.com,Researcher,ResInnov,MP
Athena,Gray,athena.gray278@example.com,Planner,PlanStrat,PR
Silas,Ramirez,silas.ramirez279@example.com,Inspector,InsSafe,VI
Mackenzie,James,mackenzie.james280@example.com,Specialist,SpecField,MH
Ronan,Watson,ronan.watson281@example.com,Engineer,BuildCiv,FM
Alice,Brooks,alice.brooks282@example.com,Teacher,TeachClass,PW
Finn,Kelly,finn.kelly283@example.com,Designer,DesVis,KI
Ivy,Sanders,ivy.sanders284@example.com,Writer,WriteAuth,NR
Theodore,Price,theodore.price285@example.com,Scientist,LabBio,TV
Hazel,Bennett,hazel.bennett286@example.com,Nurse,HealthCare,NU
Beau,Wood,beau.wood287@example.com,Programmer,ProDev,CK
Luna,Barnes,luna.barnes288@example.com,Manager,MgrDept,WS
Ryder,Ross,ryder.ross289@example.com,Analyst,AnalTrend,TO
Emilia,Henderson,emilia.henderson290@example.com,Consultant,ConsStrat,SB
Rowan,Coleman,rowan.coleman291@example.com,Developer,DevWeb,VU
Isla,Jenkins,isla.jenkins292@example.com,Specialist,GurTech,FJ
Atlas,Perry,atlas.perry293@example.com,Advisor,GuideMent,TK
Nova,Powell,nova.powell294@example.com,Coordinator,MgrOrg,NF
Kai,Long,kai.long295@example.com,Trainer,CoachEdu,HM
Valentina,Hughes,valentina.hughes296@example.com,Editor,PolishCont,GS
Jasper,Foster,jasper.foster297@example.com,Technician,FixRep,IO
Willow,Russell,willow.russell298@example.com,Assistant,HelpSup,CC
Felix,Gray,felix.gray299@example.com,Operator,OperMach,CX
Remi,Hayes,remi.hayes300@example.com,Researcher,InnovLab,SH